,City,Lat,Lng,Max Temp,Humidity,Cloudiness,Wind Speed,Country,Date
0,Saint-Philippe,-21.3585,55.7679,74.75,83,46,9.1,RE,1631805240
1,Grafton,42.207,-71.6856,70.11,85,75,5.75,US,1631805221
2,Ozernovskiy,51.5,156.5167,48.56,85,0,2.42,RU,1631805242
3,Bantry,51.6833,-9.45,66.15,92,100,13.22,IE,1631805244
4,Mar del Plata,-38.0023,-57.5575,69.82,37,0,10.36,AR,1631805245
5,Alta Floresta,-9.8756,-56.0861,96.19,36,23,3.49,BR,1631805246
6,Guerrero Negro,27.9769,-114.0611,71.67,76,1,16.46,MX,1631805248
7,Kirovskiy,45.0917,133.5136,56.93,98,100,4.74,RU,1631805249
8,Altay,47.8667,88.1167,60.26,27,84,5.08,CN,1631805249
9,Tasiilaq,65.6145,-37.6368,39.36,70,36,5.06,GL,1631805249
10,Cape Town,-33.9258,18.4232,64.11,70,1,5.01,ZA,1631805251
11,Rikitea,-23.1203,-134.9692,72.77,77,5,10.96,PF,1631805031
12,Quatre Cocos,-20.2078,57.7625,71.1,83,15,6.98,MU,1631805253
13,Chabahar,25.2919,60.643,83.44,76,4,7.74,IR,1631805254
14,Ushuaia,-54.8,-68.3,37.02,59,100,2.21,AR,1631805051
15,Mataura,-46.1927,168.8643,36.48,98,9,2.82,NZ,1631805036
16,Punta Arenas,-53.15,-70.9167,35.62,93,90,14.97,CL,1631804992
17,Kutum,14.2,24.6667,90.68,15,33,16.84,SD,1631805256
18,Ryōtsu-minato,38.0833,138.4333,70.63,76,100,8.21,JP,1631805258
19,Tiksi,71.6872,128.8694,42.4,72,100,4.0,RU,1631805258
20,Eyl,7.9803,49.8164,79.75,79,19,22.64,SO,1631805259
21,Meulaboh,4.1363,96.1285,78.69,79,88,4.36,ID,1631805261
22,Gornopravdinsk,60.05,69.9,47.46,94,99,7.58,RU,1631805261
23,Saskylakh,71.9167,114.0833,35.19,96,100,19.24,RU,1631805263
24,Chui,-33.6971,-53.4616,64.11,56,0,1.21,UY,1631805265
25,Port Alfred,-33.5906,26.891,60.67,70,65,18.39,ZA,1631805061
26,Jamestown,42.097,-79.2353,70.02,76,1,4.0,US,1631805266
27,Linxia Chengguanzhen,35.6003,103.2064,62.96,63,100,1.14,CN,1631805268
28,Bluff,-46.6,168.3333,36.81,74,69,12.17,NZ,1631805268
29,Rantauprapat,2.1,99.8333,73.9,98,23,2.75,ID,1631805269
30,Tabou,4.423,-7.3528,80.22,80,92,11.7,CI,1631805269
31,Lompoc,34.6391,-120.4579,58.08,88,90,0.0,US,1631805050
32,Bethanien,-26.502,17.1583,69.28,9,0,10.54,NA,1631805271
33,Airai,-8.9266,125.4092,59.45,82,67,3.11,TL,1631805272
34,Ponta do Sol,32.6667,-17.1,79.43,72,31,3.44,PT,1631805273
35,Cherskiy,68.75,161.3,26.73,85,39,8.93,RU,1631805274
36,São Filipe,14.8961,-24.4956,81.09,77,87,8.05,CV,1631805275
37,Chokurdakh,70.6333,147.9167,35.04,89,87,8.03,RU,1631805044
38,Alberton,46.8168,-64.0654,61.23,64,98,10.96,CA,1631805277
39,Cabo San Lucas,22.8909,-109.9124,84.51,79,1,3.44,MX,1631805278
40,East London,-33.0153,27.9116,61.32,73,49,15.21,ZA,1631805279
41,Kapaa,22.0752,-159.319,77.32,80,40,11.5,US,1631805223
42,Tuktoyaktuk,69.4541,-133.0374,39.2,100,40,6.91,CA,1631805047
43,Poya,-21.35,165.15,63.79,71,15,3.47,NC,1631805281
44,Mercedes,-34.6515,-59.4307,72.84,46,0,5.86,AR,1631805282
45,Pirovskoye,57.6267,92.2658,45.61,88,100,7.0,RU,1631805283
46,Candelaria,13.9311,121.4233,76.39,93,100,2.33,PH,1631805285
47,Ludhiana,30.9,75.85,79.21,75,24,8.12,IN,1631805031
48,Camaná,-16.6228,-72.7111,63.36,76,88,10.76,PE,1631805285
49,Leh,34.1667,77.5833,61.65,25,8,6.2,IN,1631805280
50,Diamantino,-14.4086,-56.4461,98.98,25,2,6.2,BR,1631805287
51,Kavieng,-2.5744,150.7967,80.6,78,97,9.31,PG,1631805057
52,Malé,4.1748,73.5089,83.41,75,67,10.83,MV,1631805035
53,Sept-Îles,50.2001,-66.3821,60.06,74,2,7.0,CA,1631805289
54,North Bend,43.4065,-124.2243,49.06,87,1,3.44,US,1631805290
55,Yellowknife,62.456,-114.3525,37.56,64,71,9.75,CA,1631804963
56,Freetown,8.484,-13.2299,80.06,76,100,8.41,SL,1631805292
57,Vestmanna,62.1564,-7.1664,50.92,93,75,12.66,FO,1631805294
58,Berlevåg,70.8578,29.0864,44.6,65,0,5.75,NO,1631805295
59,Mount Gambier,-37.8333,140.7667,51.85,61,71,12.17,AU,1631805022
60,Port Lincoln,-34.7333,135.8667,63.5,61,12,14.61,AU,1631805297
61,Timrå,62.487,17.3257,52.68,60,90,6.91,SE,1631805297
62,Saint Paul Harbor,57.79,-152.4072,51.31,93,90,6.91,US,1631805299
63,Shaoyang,27.2315,111.4525,79.75,72,100,3.89,CN,1631805300
64,Gboko,7.3179,8.9951,85.57,66,84,5.14,NG,1631805300
65,Nikolskoye,59.7035,30.7861,47.01,60,97,5.01,RU,1631805037
66,São Caetano de Odivelas,-0.75,-48.02,80.22,89,30,10.18,BR,1631805302
67,San Patricio,28.017,-97.5169,84.06,65,88,9.17,US,1631805304
68,Lagoa,39.05,-27.9833,71.76,77,14,9.46,PT,1631805305
69,Half Moon Bay,37.4636,-122.4286,59.23,86,90,8.05,US,1631805306
70,Torbay,47.6666,-52.7314,66.76,79,86,24.49,CA,1631805307
71,Hong Kong,22.2855,114.1577,84.33,75,81,3.18,HK,1631805188
72,Richards Bay,-28.783,32.0377,64.74,87,100,5.86,ZA,1631805309
73,Albany,42.6001,-73.9662,70.38,75,58,4.79,US,1631805029
74,Serenje,-13.2325,30.2352,83.91,19,49,11.03,ZM,1631805311
75,Madingou,-4.1536,13.55,87.31,50,90,8.05,CG,1631805312
76,Barrow,71.2906,-156.7887,33.82,86,90,11.5,US,1631805314
77,Faanui,-16.4833,-151.75,78.3,75,15,22.95,PF,1631805315
78,Burley,42.5357,-113.7928,57.16,38,1,17.27,US,1631805317
79,Linhares,-19.3911,-40.0722,83.86,49,84,6.87,BR,1631805318
80,Butaritari,3.0707,172.7902,81.86,75,41,13.96,KI,1631805320
81,Brae,60.3964,-1.353,55.31,86,84,9.53,GB,1631805322
82,Buraidah,26.326,43.975,97.25,13,0,10.58,SA,1631805323
83,Port Hedland,-20.3167,118.5667,69.85,83,71,9.22,AU,1631805325
84,Ancud,-41.8697,-73.8203,52.43,94,100,14.76,CL,1631805325
85,Esim,4.8699,-2.2405,81.73,71,37,8.77,GH,1631805327
86,Avera,33.194,-82.5271,73.27,95,100,9.13,US,1631805328
87,Ilulissat,69.2167,-51.1,28.42,46,1,8.05,GL,1631805329
88,Westonaria,-26.3191,27.6486,77.07,11,29,20.45,ZA,1631805331
89,New Norfolk,-42.7826,147.0587,44.91,72,98,1.3,AU,1631805332
90,Ternate,0.8,127.4,80.1,79,100,3.13,ID,1631805333
91,Bethel,41.3712,-73.414,74.05,83,90,6.91,US,1631805333
92,Atuona,-9.8,-139.0333,77.14,71,6,18.92,PF,1631805063
93,Dourbali,11.8091,15.8632,98.01,33,100,5.44,TD,1631805335
94,Hithadhoo,-0.6,73.0833,83.91,70,100,10.63,MV,1631805336
95,Isangel,-19.55,169.2667,70.75,85,31,7.05,VU,1631805336
96,Pevek,69.7008,170.3133,31.51,96,100,14.67,RU,1631805337
97,Eséka,3.65,10.7667,78.44,91,80,4.59,CM,1631805339
98,Kruisfontein,-34.0033,24.7314,53.89,63,91,14.47,ZA,1631805340
99,Tautira,-17.7333,-149.15,73.42,73,32,19.35,PF,1631805038
100,São José da Coroa Grande,-8.8978,-35.1478,81.97,66,24,12.06,BR,1631805342
101,Vardø,70.3705,31.1107,43.0,75,75,3.44,NO,1631805343
102,Hermanus,-34.4187,19.2345,60.8,61,100,8.41,ZA,1631805345
103,Hambantota,6.1241,81.1185,81.43,77,77,14.07,LK,1631805346
104,Ribeira Grande,38.5167,-28.7,77.4,73,20,11.5,PT,1631805347
105,Faya,18.3851,42.4509,71.71,48,41,10.45,SA,1631805348
106,Busselton,-33.65,115.3333,44.1,72,88,11.25,AU,1631804886
107,Casablanca,33.5928,-7.6192,80.82,64,9,10.8,MA,1631805350
108,Beringovskiy,63.05,179.3167,39.31,72,100,6.31,RU,1631805351
109,Adrar,20.5022,-10.0711,102.87,13,31,5.97,MR,1631805353
110,Hohhot,40.8106,111.6522,60.28,52,0,5.91,CN,1631805095
111,Vaini,-21.2,-175.2,73.56,100,20,4.61,TO,1631805354
112,Hilo,19.7297,-155.09,77.29,90,75,5.75,US,1631805022
113,Clyde River,70.4692,-68.5914,32.23,69,75,12.66,CA,1631805357
114,Xai-Xai,-25.0519,33.6442,71.83,87,96,10.31,MZ,1631805358
115,Dikson,73.5069,80.5464,36.43,85,100,21.74,RU,1631805360
116,Sittwe,20.15,92.9,78.64,93,100,8.68,MM,1631805361
117,Saquena,-4.6667,-73.5167,85.95,59,65,2.06,PE,1631805362
118,Tessalit,20.1986,1.0114,105.49,11,23,3.33,ML,1631805363
119,Bredasdorp,-34.5322,20.0403,61.92,45,94,10.36,ZA,1631805365
120,Dehlorān,32.6941,47.2679,94.8,10,0,5.14,IR,1631805367
121,Alice Springs,-23.7,133.8833,85.55,17,36,16.11,AU,1631805368
122,Souillac,-20.5167,57.5167,71.98,83,75,3.44,MU,1631805369
123,Krutinka,56.0055,71.5113,55.89,86,94,4.83,RU,1631805370
124,Lukulu,-14.3707,23.242,99.36,11,10,4.29,ZM,1631805372
125,Puerto Ayora,-0.7393,-90.3518,71.56,91,97,8.01,EC,1631805374
126,Saldanha,-33.0117,17.9442,62.65,67,0,26.02,ZA,1631805375
127,Lebu,-37.6167,-73.65,53.44,68,2,9.91,CL,1631805377
128,Paamiut,61.994,-49.6678,36.95,76,100,11.45,GL,1631805379
129,Coahuayana Viejo,18.7333,-103.6833,81.88,82,100,1.45,MX,1631805381
130,Lüderitz,-26.6481,15.1594,71.85,37,0,29.46,NA,1631805382
131,Labuhan,-6.8844,112.2051,80.44,79,100,5.1,ID,1631805384
132,Najrān,17.4924,44.1277,90.25,14,28,12.84,SA,1631805384
133,Gibara,21.1097,-76.1317,87.12,60,8,5.19,CU,1631805385
134,Hualmay,-11.0964,-77.6139,64.47,73,42,8.05,PE,1631805386
135,Kaeo,-35.1,173.7833,58.32,94,48,8.14,NZ,1631805388
136,Hobart,-42.8794,147.3294,45.27,88,40,0.0,AU,1631805047
137,Løpsmarka,67.3134,14.4493,53.8,68,75,5.99,NO,1631805389
138,Olinda,-8.0089,-34.8553,82.13,61,40,14.97,BR,1631805390
139,Mahébourg,-20.4081,57.7,71.89,83,75,3.44,MU,1631805392
140,Longyearbyen,78.2186,15.6401,42.64,75,75,14.97,SJ,1631805393
141,Carauari,-4.8828,-66.8958,94.6,42,7,2.51,BR,1631805395
142,Thompson,55.7435,-97.8558,50.34,57,0,11.07,CA,1631805060
143,Kristiansund,63.1115,7.732,57.85,82,75,4.61,NO,1631805396
144,Mumbai,19.0144,72.8479,82.38,83,40,10.36,IN,1631805121
145,Usinsk,65.9939,57.5281,44.89,69,100,14.56,RU,1631805398
146,Arrondissement du Havre,49.5833,0.3333,70.48,65,43,4.36,FR,1631805399
147,Waxahachie,32.3865,-96.8483,83.71,65,40,8.05,US,1631805401
148,Cananéia,-25.0147,-47.9267,64.42,89,100,5.97,BR,1631805402
149,South Valley,35.0101,-106.6781,79.63,36,40,8.05,US,1631805403
150,Stabat,3.761,98.4513,80.8,91,95,1.54,ID,1631805404
151,Portland,45.5234,-122.6762,50.95,85,1,1.01,US,1631805404
152,Matara,5.9485,80.5353,80.01,84,98,8.55,LK,1631805405
153,Qaanaaq,77.484,-69.3632,21.13,75,100,7.76,GL,1631805406
154,Twentynine Palms,34.1356,-116.0542,84.63,17,0,2.26,US,1631805407
155,Sambava,-14.2667,50.1667,73.26,83,69,9.95,MG,1631805408
156,Bambous Virieux,-20.3428,57.7575,71.85,83,75,3.44,MU,1631805410
157,Sterlibashevo,53.4376,55.2578,45.66,59,72,9.84,RU,1631805411
158,Port-Gentil,-0.7193,8.7815,77.85,81,13,13.38,GA,1631805413
159,Satun,6.8333,100.0,80.31,87,98,2.77,TH,1631805414
160,Kirkwall,58.9848,-2.9587,59.05,78,20,9.22,GB,1631805415
161,Arlit,18.7369,7.3853,105.58,8,4,4.59,NE,1631805416
162,Agüimes,27.9054,-15.4461,79.43,59,20,28.77,ES,1631805417
163,Husavik,66.0449,-17.3389,57.11,60,100,19.66,IS,1631805419
164,Touros,-5.1989,-35.4608,83.3,62,13,18.97,BR,1631805420
165,Porto da Folha,-9.9172,-37.2783,92.26,32,0,14.81,BR,1631805422
166,Kaitangata,-46.2817,169.8464,40.23,80,99,3.74,NZ,1631804985
167,Belaya Gora,68.5333,146.4167,39.22,85,92,3.78,RU,1631805423
168,Redmond,47.674,-122.1215,52.07,91,5,0.92,US,1631805175
169,Kieta,-6.2167,155.6333,76.87,86,17,4.99,PG,1631805425
170,Ville-Marie,47.3335,-79.433,59.0,48,1,4.92,CA,1631805427
171,Malbork,54.0359,19.0266,67.84,88,96,2.82,PL,1631805428
172,Chipinge,-20.1883,32.6236,83.1,24,12,9.84,ZW,1631805429
173,Kahului,20.8947,-156.47,76.26,82,1,0.0,US,1631805431
174,Roald,62.5833,6.1333,59.11,82,75,3.44,NO,1631805432
175,Río Gallegos,-51.6226,-69.2181,39.25,75,90,18.41,AR,1631805434
176,San Ramon,37.7799,-121.978,58.21,87,20,5.99,US,1631805436
177,Kirkland Lake,48.1446,-80.0377,62.89,59,0,7.25,CA,1631805437
178,Makarov,48.6333,142.8,55.49,89,100,8.37,RU,1631805438
179,Wuhan,30.5833,114.2667,78.89,61,0,5.91,CN,1631805326
180,Ossora,59.2353,163.0719,45.32,72,21,4.88,RU,1631805438
181,Gisborne,-38.6533,178.0042,51.94,93,85,21.03,NZ,1631805440
182,Ponta Delgada,37.7333,-25.6667,74.12,73,20,12.66,PT,1631805440
183,Ranong,9.9658,98.6348,78.13,85,100,5.95,TH,1631805442
184,Ambon City,-3.6954,128.1814,77.14,94,40,3.44,ID,1631805442
185,Preobrazheniye,42.9019,133.9064,59.38,89,100,2.91,RU,1631805442
186,Iquitos,-3.7481,-73.2472,80.64,78,75,4.61,PE,1631805442
187,Laguna,38.421,-121.4238,66.02,88,1,5.01,US,1631805444
188,Havre-St-Pierre,50.2334,-63.5986,59.36,77,1,17.27,CA,1631805445
189,Ketchikan,55.3422,-131.6461,50.47,87,90,3.44,US,1631805446
190,Cortes,41.9395,-1.4396,77.4,43,30,15.26,ES,1631805448
191,Anchorage,61.2181,-149.9003,45.68,91,90,1.01,US,1631805449
192,Purpe,64.4803,76.6897,43.92,86,100,10.45,RU,1631805451
193,Vila Velha,-20.3297,-40.2925,78.75,73,20,13.8,BR,1631805452
194,Saint-Pierre,-21.3393,55.4781,74.84,74,75,5.75,RE,1631805454
195,Deep River,46.1001,-77.4995,64.44,56,38,4.36,CA,1631805455
196,Utinga,-5.8172,-35.3954,84.6,69,75,16.11,BR,1631805456
197,Port Blair,11.6667,92.75,77.74,85,100,7.43,IN,1631805458
198,Yangi Marg`ilon,40.4272,71.7189,79.52,21,0,4.61,UZ,1631805458
199,Solnechnyy,50.7214,136.6319,50.81,85,99,7.61,RU,1631805458
200,Torrington,41.8007,-73.1212,71.83,86,98,1.01,US,1631805458
201,Iaciara,-14.0958,-46.6317,98.96,12,0,5.26,BR,1631805459
202,Nishihara,26.1842,127.7558,81.68,90,20,5.75,JP,1631805461
203,Tlapehuala,18.2167,-100.5167,76.96,86,93,0.43,MX,1631805461
204,Baruun-Urt,46.6806,113.2792,55.53,46,0,9.19,MN,1631805462
205,Anadyr,64.75,177.4833,36.1,100,75,11.18,RU,1631805462
206,Talnakh,69.4865,88.3972,38.53,89,96,5.44,RU,1631805464
207,Cidreira,-30.1811,-50.2056,61.81,53,2,6.85,BR,1631805466
208,Caravelas,-17.7125,-39.2481,82.94,55,23,9.22,BR,1631805467
209,Arraial do Cabo,-22.9661,-42.0278,76.96,73,75,5.75,BR,1631805469
210,Vanimo,-2.6741,141.3028,75.27,94,100,7.49,PG,1631805471
211,Pemangkat,1.1667,108.9667,80.33,75,86,0.83,ID,1631805472
212,Mailsi,29.8003,72.1758,93.33,34,24,6.78,PK,1631805472
213,Carnarvon,-24.8667,113.6333,62.67,67,0,14.97,AU,1631805270
214,Ranau,5.9538,116.6641,70.45,90,100,1.57,MY,1631805473
215,Bongandanga,1.5,21.05,77.07,81,100,5.5,CD,1631805473
216,Baykit,61.67,96.37,34.92,88,73,1.05,RU,1631805474
217,Lodja,-3.4833,23.4333,77.18,80,73,3.98,CD,1631805476
218,Boca do Acre,-8.7522,-67.3978,96.26,35,5,3.04,BR,1631805477
219,Jardim,-21.4803,-56.1381,93.81,39,64,2.57,BR,1631805479
220,Hamilton,39.1834,-84.5333,74.35,87,90,1.01,US,1631805481
221,Pangnirtung,66.1451,-65.7125,35.6,80,90,5.75,CA,1631805482
222,Castro,-24.7911,-50.0119,58.33,94,100,7.85,BR,1631805483
223,Saint-Paul,-21.0096,55.2707,75.29,73,28,1.61,RE,1631805485
224,Iqaluit,63.7506,-68.5145,38.93,70,90,3.44,CA,1631805487
225,Upernavik,72.7868,-56.1549,27.45,65,61,6.17,GL,1631805489
226,Gardelegen,52.5252,11.3952,67.44,71,97,13.11,DE,1631805323
227,Bumba,2.1833,22.4667,80.58,66,100,2.86,CD,1631805492
228,Mossamedes,-15.1961,12.1522,67.33,75,6,10.36,AO,1631805493
229,Bourail,-21.5667,165.4833,63.14,71,7,3.51,NC,1631805495
230,Zhengjiatun,43.5064,123.5064,58.12,86,100,5.55,CN,1631805495
231,Olafsvik,64.8945,-23.7142,50.04,73,99,12.26,IS,1631805496
232,Amahai,-3.3333,128.9167,77.14,89,98,4.43,ID,1631805497
233,Ostrovnoy,68.0531,39.5131,45.09,91,82,12.21,RU,1631805497
234,Visby,57.6409,18.296,55.94,82,75,16.11,SE,1631805499
235,San Fernando del Valle de Catamarca,-28.4696,-65.7852,78.78,24,0,4.0,AR,1631805500
236,Khatanga,71.9667,102.5,33.51,84,100,5.68,RU,1631805502
237,Nushki,29.5542,66.0215,86.45,9,0,5.06,PK,1631805504
238,Egvekinot,66.3167,-179.1667,29.07,86,100,2.62,RU,1631805504
239,Krasnoarmeysk,51.0239,45.6969,50.29,45,67,13.13,RU,1631805505
240,Sayyan,15.1718,44.3244,71.98,24,100,8.84,YE,1631805507
241,Katsuura,35.1333,140.3,69.91,77,84,12.3,JP,1631805508
242,Sterling,39.0062,-77.4286,80.53,80,75,1.01,US,1631805508
243,Likhoslavl',57.1275,35.464,44.58,71,100,4.38,RU,1631805509
244,Severo-Kuril'sk,50.6789,156.125,48.52,82,1,8.41,RU,1631805511
245,Esperance,-33.8667,121.9,48.04,80,77,26.22,AU,1631805513
246,Tuatapere,-46.1333,167.6833,35.82,92,20,3.98,NZ,1631805513
247,Dongsheng,39.8161,109.9776,59.95,45,0,6.17,CN,1631805404
248,Verkhoyansk,67.5447,133.385,52.12,63,100,2.51,RU,1631805514
249,Kawardha,22.0167,81.25,73.45,95,100,5.17,IN,1631805516
250,Fortuna,40.5982,-124.1573,50.36,33,9,2.1,US,1631805516
251,Puri,19.8,85.85,82.92,81,100,9.1,IN,1631805518
252,Laas,46.6166,10.7002,67.08,91,100,2.3,IT,1631805518
253,Joensuu,62.6012,29.7632,47.26,70,0,4.61,FI,1631805519
254,Kautokeino,69.0125,23.0412,44.33,64,60,13.56,NO,1631805521
255,Saint-Louis,16.3333,-15.0,91.69,38,99,4.38,SN,1631805522
256,Constitución,-35.3333,-72.4167,59.31,59,0,10.04,CL,1631805523
257,Tahe,52.3333,124.7333,40.71,83,17,2.91,CN,1631805525
258,Dickinson,29.4608,-95.0513,81.23,87,90,4.0,US,1631805526
259,Piaçabuçu,-10.4056,-36.4344,82.58,61,7,11.34,BR,1631805528
260,Tchibanga,-2.85,11.0333,82.58,63,97,7.2,GA,1631805530
261,Raudeberg,61.9875,5.1352,57.87,94,100,3.56,NO,1631805531
262,Tabory,58.5198,64.5495,41.86,87,61,5.95,RU,1631805533
263,Kirakira,-10.4544,161.9205,77.54,85,99,7.92,SB,1631805534
264,Petrozavodsk,61.7849,34.3469,45.86,71,71,6.71,RU,1631805535
265,Strängnäs,59.3774,17.0312,54.01,71,100,12.75,SE,1631805536
266,Praia da Vitória,38.7333,-27.0667,77.76,78,75,8.19,PT,1631805538
267,Libertador General San Martín,-23.8064,-64.7876,76.95,22,0,3.91,AR,1631805539
268,Norman Wells,65.282,-126.8329,41.04,87,20,6.91,CA,1631805540
269,Mayo,38.8876,-76.5119,82.08,88,90,1.01,US,1631805542
270,Doha,25.2867,51.5333,100.71,55,0,9.22,QA,1631805345
271,Casper,42.8666,-106.3131,68.0,31,1,3.0,US,1631805544
272,Sembakung,3.8167,117.25,78.73,94,100,1.21,ID,1631805545
273,Asău,46.4333,26.4,78.76,60,52,3.13,RO,1631805545
274,Avarua,-21.2078,-159.775,75.25,83,20,17.27,CK,1631805546
275,Shaunavon,49.6501,-108.4181,46.18,42,51,20.62,CA,1631805548
276,Yumen,40.2833,97.2,71.4,24,68,7.63,CN,1631805549
277,Sungai Raya,0.7,108.9,79.72,77,80,0.29,ID,1631805549
278,Alofi,-19.0595,-169.9187,73.29,88,60,5.75,NU,1631805549
279,Gazli,40.1333,63.45,86.25,14,0,10.13,UZ,1631805551
280,Hermosillo,29.0667,-110.9667,85.91,74,1,4.0,MX,1631805489
281,Chapais,49.7834,-74.8492,56.98,63,4,8.14,CA,1631805553
282,Ahipara,-35.1667,173.1667,57.2,95,72,12.84,NZ,1631805553
283,Tura,25.5198,90.2201,74.08,95,97,2.15,IN,1631805525
284,Te Anau,-45.4167,167.7167,31.95,95,71,3.51,NZ,1631805554
285,Dingle,10.9995,122.6711,74.61,94,100,4.92,PH,1631805555
286,Magistral'nyy,56.1725,107.4458,38.89,86,89,0.72,RU,1631805555
287,Kalyān,19.25,73.15,82.35,85,76,5.75,IN,1631805472
288,Vila Franca do Campo,37.7167,-25.4333,73.81,64,67,4.63,PT,1631805557
289,Khartoum,15.5518,32.5324,100.02,28,88,4.03,SD,1631805316
290,Thessalon,46.2501,-83.5666,68.76,73,8,9.57,CA,1631805559
291,Bilibino,68.0546,166.4372,19.85,94,93,0.96,RU,1631805560
292,Shaygino,57.7675,46.8618,44.49,75,100,7.4,RU,1631805561
293,Jumla,29.2747,82.1838,59.99,94,100,0.89,NP,1631805563
294,Takāb,36.4009,47.1133,71.38,15,0,13.18,IR,1631805563
295,Bjerringbro,56.378,9.6607,60.93,89,100,13.49,DK,1631805564
296,Macenta,8.5435,-9.471,79.09,72,100,4.34,GN,1631805566
297,Taltal,-25.4,-70.4833,63.72,60,0,6.87,CL,1631805567
298,Taywarah,33.35,64.4167,61.25,8,0,3.98,AF,1631805569
299,Arifwala,30.294,73.0735,91.06,39,32,6.76,PK,1631805570
300,Taoudenni,22.6783,-3.9836,110.86,12,43,10.47,ML,1631805570
301,Moree,-29.4667,149.85,46.42,71,0,5.75,AU,1631805285
302,Sulina,45.1559,29.6536,71.67,59,12,10.04,RO,1631805572
303,Bengkulu,-3.8004,102.2655,78.17,88,46,7.65,ID,1631805573
304,Bayjī,34.9311,43.487,92.97,18,0,13.06,IQ,1631805573
305,Petropavlovsk-Kamchatskiy,53.0452,158.6483,37.99,100,0,8.95,RU,1631805513
306,Port Elizabeth,-33.918,25.5701,57.49,88,40,16.11,ZA,1631805575
307,Panzhihua,26.5851,101.7128,73.44,83,99,1.77,CN,1631805577
308,Woodward,36.4337,-99.3904,79.97,58,1,18.41,US,1631805577
309,Sotnikovskoye,45.0039,43.7772,72.19,32,100,14.61,RU,1631805578
310,Langsa,4.4683,97.9683,76.32,90,37,2.3,ID,1631805580
311,Pathein,16.7833,94.7333,75.49,96,100,5.12,MM,1631805580
312,Hasaki,35.7333,140.8333,68.4,64,100,11.63,JP,1631805050
313,Wilmington Island,32.0036,-80.9737,82.98,71,40,0.0,US,1631805581
314,Campoverde,-8.4753,-74.8058,76.69,54,48,1.01,PE,1631805582
315,Bontang,0.1333,117.5,74.71,87,100,3.87,ID,1631805584
316,Leningradskiy,69.3833,178.4167,23.11,91,78,7.45,RU,1631805584
317,Aksarka,66.5606,67.7975,40.73,81,100,13.71,RU,1631805585
318,Marsh Harbour,26.5412,-77.0636,84.43,64,3,8.34,BS,1631805587
319,Yeppoon,-23.1333,150.7333,58.78,79,0,4.92,AU,1631805588
320,Karaton,-6.3424,106.1045,80.76,90,31,2.44,ID,1631805589
321,Beaverton,45.4871,-122.8037,50.41,85,1,1.01,US,1631805589
322,Wamba,8.9333,8.6,86.85,64,94,4.72,NG,1631805590
323,Yārāda,17.65,83.2667,82.72,89,40,2.3,IN,1631805592
324,Florianópolis,-27.6146,-48.5012,63.63,59,90,10.36,BR,1631805593
325,Wellington,-41.2866,174.7756,49.77,77,75,5.01,NZ,1631805514
326,Tottori-shi,35.5,134.2333,73.54,85,100,5.46,JP,1631805304
327,Nemuro,43.3236,145.575,55.58,69,100,8.59,JP,1631805597
328,Tallahassee,30.4383,-84.2807,80.8,91,90,1.01,US,1631805598
329,Panabá,21.2833,-88.2667,86.45,68,95,10.25,MX,1631805599
330,Westport,41.1415,-73.3579,76.78,83,90,1.01,US,1631805600
331,Kiryat Gat,31.61,34.7642,81.28,22,1,10.45,IL,1631805601
332,Soe,-9.8607,124.284,66.79,88,74,4.81,ID,1631805602
333,Agadir,30.4202,-9.5982,84.65,54,1,12.19,MA,1631805602
334,Bodaybo,57.8506,114.1933,34.75,95,84,4.05,RU,1631805604
335,Lovozero,68.005,35.0117,40.32,89,100,10.22,RU,1631805605
336,Ixtapa,20.7,-105.2,78.22,89,90,2.3,MX,1631805606
337,Noumea,-22.2763,166.4572,58.98,70,8,8.1,NC,1631805607
338,Klaksvík,62.2266,-6.589,52.72,84,30,13.96,FO,1631805608
339,Solano,38.2333,-121.9511,60.12,83,1,18.41,US,1631805610
340,Bandarbeyla,9.4942,50.8122,77.85,85,98,32.37,SO,1631805611
341,Northam,51.0333,-4.2167,69.13,81,67,7.56,GB,1631805613
342,Buritizeiro,-17.3511,-44.9622,96.98,15,0,7.4,BR,1631805614
343,Ilabaya,-17.4208,-70.5133,75.45,32,71,9.13,PE,1631805616
344,Flinders,-34.5833,150.8552,51.21,83,82,1.99,AU,1631805617
345,Mama,58.3106,112.8986,37.92,99,98,3.29,RU,1631805618
346,Narok,-1.0783,35.8601,69.67,59,77,1.57,KE,1631805619
347,Pangody,65.85,74.4859,41.47,78,100,10.58,RU,1631805621
348,Cayenne,4.9333,-52.3333,89.64,73,75,5.01,GF,1631805623
349,Durban,-29.8579,31.0292,61.92,97,100,4.0,ZA,1631805621
350,Lodhīkheda,21.5833,78.8333,75.92,92,100,3.83,IN,1631805625
351,Bastrop,32.7562,-91.8724,75.42,73,37,11.59,US,1631805625
352,Huadian,42.9633,126.7478,58.62,98,100,2.53,CN,1631805626
353,Rawson,-43.3002,-65.1023,64.53,30,22,13.87,AR,1631805626
354,Krasnosel'kup,65.7,82.4667,41.41,84,100,8.77,RU,1631805628
355,Barcelos,41.5388,-8.6151,81.28,52,0,9.55,PT,1631805629
356,Cookeville,36.1628,-85.5016,77.63,80,90,1.01,US,1631805631
357,Stepnyak,52.8339,70.7803,64.72,47,93,10.49,KZ,1631805632
358,Ulkan,57.243,107.3223,38.34,81,100,1.88,RU,1631805633
359,Sitka,57.0531,-135.33,51.69,71,90,11.5,US,1631805635
360,Cruz Grande,16.7333,-99.1333,80.98,82,74,1.66,MX,1631805636
361,Saint-Joseph,-21.3667,55.6167,73.76,80,43,6.78,RE,1631805638
362,Malanje,-9.5402,16.341,88.23,31,60,9.57,AO,1631805639
363,Porto-Novo,6.4965,2.6036,84.02,56,80,5.23,BJ,1631805641
364,Geraldton,-28.7667,114.6,50.41,93,75,5.75,AU,1631805642
365,Manbij,36.5281,37.9549,81.37,33,3,15.86,SY,1631805643
366,Zvishavane,-20.3267,30.0665,92.93,14,13,10.29,ZW,1631805644
367,Bria,6.5423,21.9863,84.92,76,98,2.98,CF,1631805646
368,Nador,35.174,-2.9287,80.67,60,0,6.91,MA,1631805648
369,Sistranda,63.7256,8.834,57.16,81,100,6.2,NO,1631805649
370,Igarka,67.4667,86.5833,39.88,89,95,10.8,RU,1631805650
371,Lorengau,-2.0226,147.2712,78.33,81,99,4.45,PG,1631805652
372,Port Moresby,-9.4431,147.1797,76.42,78,40,17.27,PG,1631805644
373,Inuvik,68.3499,-133.7218,43.66,96,40,2.3,CA,1631805652
374,Benguela,-12.5763,13.4055,74.55,73,34,9.26,AO,1631805654
375,Sisimiut,66.9395,-53.6735,37.04,45,50,3.0,GL,1631805648
376,Khovd,48.0056,91.6419,60.66,29,99,3.78,MN,1631805063
377,Lom,43.8139,23.2361,89.08,21,92,4.59,BG,1631805656
378,Igrim,63.1906,64.4162,46.85,63,100,17.2,RU,1631805657
379,Houma,29.5958,-90.7195,86.02,82,40,8.05,US,1631805659
380,San Rafael,-34.6177,-68.3301,68.86,16,0,16.46,AR,1631805660
381,Kangaatsiaq,68.3065,-53.4641,31.55,66,9,13.4,GL,1631805661
382,Linares,-35.85,-71.6,57.88,54,0,5.88,CL,1631805663
383,Tromsø,69.6496,18.957,52.45,62,0,6.91,NO,1631805665
384,Châteaudun,48.0833,1.3333,73.6,60,75,5.75,FR,1631805666
385,Trincomalee,8.5711,81.2335,83.88,73,100,9.06,LK,1631805428
386,Kargasok,59.0556,80.8572,52.81,89,98,10.92,RU,1631805668
387,Santa Marinella,42.0345,11.8536,86.09,87,99,14.25,IT,1631805669
388,Hofn,64.2539,-15.2082,53.62,94,90,16.11,IS,1631805671
389,Udachny,66.4167,112.4,37.9,67,63,8.01,RU,1631805672
390,Yulara,-25.2406,130.9889,78.64,36,75,5.75,AU,1631805674
391,Srednekolymsk,67.45,153.6833,36.59,72,100,5.75,RU,1631805674
392,Manono,-7.3,27.4167,86.27,43,78,9.19,CD,1631805676
393,Noshiro,40.2039,140.0242,58.93,77,100,8.12,JP,1631805672
394,Erdaojiang,41.7764,126.0319,59.32,97,100,2.98,CN,1631805678
395,Salalah,17.0151,54.0924,80.69,94,90,11.5,OM,1631805678
396,Necochea,-38.5473,-58.7368,63.03,51,0,9.73,AR,1631805679
397,Arbuzynka,47.9097,31.3196,72.91,29,7,3.27,UA,1631805681
398,Norton,-17.8833,30.7,84.27,13,18,6.33,ZW,1631805682
399,Warri,5.5167,5.75,85.28,66,85,6.89,NG,1631805684
400,Luwingu,-10.2621,29.9271,89.91,15,5,8.52,ZM,1631805685
401,Tshikapa,-6.4167,20.8,89.8,43,75,9.98,CD,1631805687
402,Kroya,-7.6331,109.2461,77.59,87,96,6.93,ID,1631805689
403,Shitanjing,39.2342,106.3439,65.25,59,4,5.82,CN,1631805689
404,Havelock,34.8791,-76.9013,84.43,87,100,5.99,US,1631805689
405,George Town,5.4112,100.3354,84.13,85,20,5.75,MY,1631805595
406,Port Augusta,-32.5,137.7667,71.74,24,36,10.65,AU,1631805690
407,Myitkyina,25.3833,97.4,79.47,79,72,0.85,MM,1631805691
408,Churapcha,62.0025,132.4325,51.93,77,100,10.36,RU,1631805691
409,Chachoengsao,13.6167,101.4167,76.3,93,100,6.53,TH,1631805693
410,Palmeiras de Goiás,-16.805,-49.9258,98.49,13,2,7.2,BR,1631805693
411,Novooleksiyivka,46.2269,34.6428,71.85,32,54,3.13,UA,1631805694
412,Dumabato,16.3167,121.7,73.45,97,97,2.53,PH,1631805696
413,Östersund,63.1792,14.6357,48.65,76,0,11.5,SE,1631805696
414,Banjar,-8.19,114.9675,80.46,91,99,5.23,ID,1631805697
415,Daru,-9.0763,143.2092,76.14,75,93,17.38,PG,1631805697
416,Nabire,-3.3667,135.4833,74.98,90,100,2.95,ID,1631805698
417,Dwārka,22.2394,68.9678,82.45,88,100,11.16,IN,1631805698
418,Cotonou,6.3654,2.4183,84.18,79,40,13.8,BJ,1631805698
419,Nelson Bay,-32.7167,152.15,52.95,94,10,3.0,AU,1631805700
420,Sur,22.5667,59.5289,88.61,49,84,4.56,OM,1631805700
421,Ko Samui,9.5357,99.9357,82.49,73,98,3.69,TH,1631805589
422,Gatton,-27.55,152.2833,57.34,94,13,0.74,AU,1631805702
423,Ciudad del Carmen,18.6333,-91.8333,86.04,74,1,6.91,MX,1631805702
424,Pandan Niog,6.2282,120.5631,81.86,74,100,13.09,PH,1631805704
425,Ucluelet,48.9329,-125.5528,44.91,75,5,5.82,CA,1631805704
426,Araceli,10.5529,119.9913,79.95,80,100,6.44,PH,1631805705
427,Oktyabr'skiy,54.4815,53.471,44.55,62,75,10.4,RU,1631805705
428,Santa Cruz de la Sierra,-17.8,-63.1667,75.25,35,90,17.27,BO,1631805576
429,Nome,64.5011,-165.4064,42.87,82,90,5.75,US,1631805706
430,Langxiang,46.95,128.8833,49.64,98,75,3.42,CN,1631805708
431,Galle,6.0367,80.217,80.22,86,100,8.95,LK,1631805582
432,Lavrentiya,65.5833,-171.0,33.33,79,66,6.67,RU,1631805708
433,Gayéri,12.6497,0.4931,87.57,57,46,7.29,BF,1631805711
434,Gunjur,13.2019,-16.7339,80.67,83,75,3.44,GM,1631805713
435,Fayetteville,35.0527,-78.8784,84.65,71,20,5.99,US,1631805714
436,Frontera,26.9333,-101.45,81.95,63,75,0.0,MX,1631805715
437,Prescott,34.54,-112.4685,76.89,37,1,1.99,US,1631805601
438,Manohar Thāna,24.24,76.8018,75.16,95,98,6.42,IN,1631805716
439,Baijiantan,45.6333,85.1833,79.21,19,90,10.96,CN,1631805716
440,Abhā,18.2164,42.5053,71.42,49,40,16.11,SA,1631805717
441,Naranjal,-2.6667,-79.6167,76.8,65,80,2.73,EC,1631805718
442,Ciechanów,52.8814,20.62,66.06,84,96,7.92,PL,1631805720
443,Calabozo,8.9242,-67.4293,87.82,57,70,7.09,VE,1631805721
444,Gore,-46.1028,168.9436,35.22,98,10,2.89,NZ,1631805722
445,Sanmenxia,34.7747,111.1814,67.44,96,100,2.48,CN,1631805723
446,Mount Isa,-20.7333,139.5,62.37,42,5,0.0,AU,1631805723
447,Nerchinskiy Zavod,51.3088,119.61,46.83,77,67,5.44,RU,1631805724
448,Stykkisholmur,65.0757,-22.7297,50.94,86,100,9.75,IS,1631805725
449,Herat Province,34.5,62.0,82.76,10,0,32.41,AF,1631805726
450,Yei,4.095,30.6779,77.18,84,100,2.73,SS,1631805728
451,Dīr,35.2058,71.8756,69.49,84,0,2.46,PK,1631805730
452,Vaasa,63.096,21.6158,48.22,53,20,4.61,FI,1631805730
453,Bundaberg,-24.85,152.35,57.49,89,13,1.01,AU,1631805732
454,Andenes,69.3143,16.1194,49.98,66,0,9.22,NO,1631805732
455,Yelizovo,53.1873,158.3805,39.34,100,0,8.95,RU,1631805734
456,Juneau,58.3019,-134.4197,48.25,95,90,13.8,US,1631805735
457,Levice,48.2156,18.6071,82.49,40,85,9.1,SK,1631805737
458,Cockburn Town,21.4612,-71.1419,83.17,78,6,15.41,TC,1631805738
459,Pacifica,37.6138,-122.4869,59.05,90,75,3.0,US,1631805739
460,Margate,51.3813,1.3862,73.26,77,44,10.27,GB,1631805740
461,Bismarck,46.8083,-100.7837,64.24,54,1,16.11,US,1631805741
462,Seoul,37.5683,126.9778,71.11,77,0,3.44,KR,1631805446
463,Pangkalanbuun,-2.6833,111.6167,75.56,88,95,2.53,ID,1631805743
464,Bauchi,10.5,10.0,92.26,42,62,8.84,NG,1631805743
465,Menongue,-14.6585,17.691,95.0,8,0,5.19,AO,1631805745
466,Camopi,3.1655,-52.3158,92.53,43,6,3.38,GF,1631805746
467,Popondetta,-8.7537,148.2534,71.69,98,100,4.5,PG,1631805748
468,Uyuni,-20.4597,-66.825,55.49,32,98,15.32,BO,1631805748
469,Gari,59.4307,62.3497,42.17,94,97,6.08,RU,1631805750
470,Valparaíso,-33.0393,-71.6273,59.92,79,75,4.61,CL,1631805751
471,Atar,20.5169,-13.0499,103.71,15,5,4.0,MR,1631805753
472,Vostok,46.4856,135.8833,48.99,98,100,3.85,RU,1631805754
473,Mayya,61.7333,130.2811,47.52,98,100,3.6,RU,1631805754
474,Okha,53.5739,142.9478,56.7,90,100,14.0,RU,1631805756
475,Pingliang,35.5392,106.6861,59.79,81,71,2.06,CN,1631805757
476,Kapit,2.0167,112.9333,74.26,97,100,0.63,MY,1631805758
477,Calama,-22.4667,-68.9333,70.29,8,0,11.5,CL,1631805758
478,Bariloche,-41.1456,-71.3082,47.44,82,79,6.53,AR,1631805759
479,Musoma,-1.5,33.8,75.78,61,86,1.36,TZ,1631805761
480,Humaitá,-7.5061,-63.0208,98.67,34,13,3.58,BR,1631805763
481,Gouré,13.9835,10.2704,100.02,18,47,8.99,NE,1631805764
482,Sovetskiy,61.3614,63.5842,40.71,96,100,12.35,RU,1631805765
483,Kavaratti,10.5669,72.642,81.79,79,79,13.49,IN,1631805767
484,Porto Walter,-8.2686,-72.7439,88.5,50,79,2.28,BR,1631805767
485,Kuril'sk,45.2333,147.8833,49.82,86,97,7.36,RU,1631805769
486,Neuquén,-38.9516,-68.0591,62.49,34,0,3.44,AR,1631805769
487,Coyhaique,-45.5752,-72.0662,57.81,58,75,16.11,CL,1631805771
488,Bukachacha,52.9833,116.9167,40.1,96,54,2.75,RU,1631805772
489,Filingué,14.3521,3.3168,95.95,37,78,5.59,NE,1631805774
490,Chitral,35.8462,71.7858,77.76,31,0,1.57,PK,1631805775
491,Kikwit,-5.041,18.8162,76.05,81,94,4.27,CD,1631805776
492,Campos Belos,-13.0367,-46.7717,97.32,13,0,7.74,BR,1631805778
493,Keti Bandar,24.1447,67.4497,86.34,77,4,9.33,PK,1631805780
494,Maní,4.8172,-72.2886,72.28,93,100,5.97,CO,1631805780
495,Cap-Haïtien,19.7578,-72.2042,85.95,62,20,5.75,HT,1631805782
496,Sunndalsøra,62.6754,8.5515,57.85,91,100,1.7,NO,1631805783
497,Hobyo,5.3505,48.5268,79.2,81,28,24.58,SO,1631805784
498,Georgiyevka,43.0369,74.7114,68.04,40,0,6.71,KZ,1631805786
499,Manyana,-23.4,21.7167,76.95,11,6,14.03,BW,1631805786
500,St. George's,12.0564,-61.7485,85.68,74,40,20.71,GD,1631805788
501,Itoman,26.1247,127.6694,82.42,85,40,6.91,JP,1631805754
502,Yerbogachën,61.2767,108.0108,39.13,86,97,4.61,RU,1631805789
503,Chachapoyas,-6.2317,-77.869,61.84,71,74,6.08,PE,1631805790
504,Terrace,54.5163,-128.6035,44.51,100,75,0.0,CA,1631805792
505,Sanming,26.2486,117.6186,74.8,81,3,0.47,CN,1631805794
506,Lahat,-3.8,103.5333,75.25,89,8,1.97,ID,1631805794
507,Flin Flon,54.7682,-101.865,51.64,54,20,17.27,CA,1631805794
508,Chirongui,-12.9319,45.1483,76.93,75,17,4.52,YT,1631805795
509,Mahuva,21.0914,71.7622,79.92,85,100,15.75,IN,1631805797
510,Hurricane,37.1753,-113.2899,75.54,19,0,3.65,US,1631805797
511,Hastings,50.8552,0.5729,73.53,78,39,11.86,GB,1631805608
512,Finneytown,39.2003,-84.5205,74.21,87,90,1.99,US,1631805798
513,Khandyga,62.6667,135.6,52.61,60,100,5.32,RU,1631805799
514,Soyo,-6.1349,12.3689,80.65,81,68,10.45,AO,1631805801
515,Luanda,-8.8368,13.2343,75.2,78,75,11.5,AO,1631805802
516,South Kazakhstan Region,43.0,68.0,78.37,18,0,7.49,KZ,1631805804
517,San Ignacio Río Muerto,27.4167,-110.2333,86.52,67,3,8.93,MX,1631805804
518,Le Port,-20.9373,55.2919,75.16,74,28,1.97,RE,1631805805
519,Buala,-8.145,159.5921,79.23,83,80,6.71,SB,1631805807
520,Lakes Entrance,-37.8811,147.981,42.17,88,35,4.34,AU,1631805809
521,Yabrūd,33.9674,36.6574,74.86,35,19,5.46,SY,1631805809
522,Locri,38.2414,16.2623,87.24,41,13,5.99,IT,1631805811
523,Rosarito,32.3333,-117.0333,67.15,79,6,6.91,MX,1631805812
524,Nizhneangarsk,55.7833,109.55,39.27,76,8,7.18,RU,1631805813
525,Betanzos,43.2804,-8.2147,79.18,70,20,3.0,ES,1631805815
526,Oranjemund,-28.55,16.4333,59.22,69,20,23.76,NA,1631805816
527,Punta Alta,-38.8759,-62.0736,65.23,35,0,13.91,AR,1631805817
528,Tigzirt,36.8886,4.1198,84.79,62,85,10.65,DZ,1631805819
529,Codrington,-38.2667,141.9667,45.86,80,20,10.13,AU,1631805820
530,Verkhnevilyuysk,63.4453,120.3167,39.36,75,100,4.88,RU,1631805821
531,Novoshakhtinsk,47.7604,39.9334,69.03,29,25,6.82,RU,1631805822
532,Nortelândia,-14.4547,-56.8028,99.09,27,2,6.26,BR,1631805824
533,Dudinka,69.4058,86.1778,39.56,95,100,8.16,RU,1631805826
534,Kawalu,-7.3817,108.2082,73.13,97,89,1.97,ID,1631805827
535,Hibbing,47.4272,-92.9377,67.35,72,1,8.05,US,1631805828
536,Kota Bharu,6.1333,102.2386,76.95,94,40,2.3,MY,1631805759
537,Barabai,-2.5833,115.3833,72.81,97,100,2.01,ID,1631805829
538,Şuhut,38.5311,30.5458,60.76,67,63,6.44,TR,1631805829
539,Sanbu,33.4594,119.1453,65.52,92,10,4.85,CN,1631805831
540,Yar-Sale,66.8333,70.8333,38.34,90,98,10.69,RU,1631805831
541,Bayangol,50.6977,103.4656,44.31,72,99,2.77,RU,1631805832
542,Rocha,-34.4833,-54.3333,66.76,48,0,6.44,UY,1631805833
543,Plettenberg Bay,-34.0527,23.3716,56.5,68,68,9.53,ZA,1631805834
544,Maniitsoq,65.4167,-52.9,36.75,43,100,2.04,GL,1631805836
545,Ekibastuz,51.6667,75.3667,67.32,29,4,10.92,KZ,1631805837
546,Abu Dhabi,24.4667,54.3667,96.91,66,0,10.36,AE,1631805637
547,Lata,40.1629,-8.3327,81.36,51,12,8.46,PT,1631805838
548,Quilalí,13.567,-86.026,85.68,79,71,3.22,NI,1631805839
549,Dawlatabad,36.4141,64.9053,84.16,13,0,6.29,AF,1631805841
550,Broome,42.2506,-75.833,68.81,71,40,1.99,US,1631805841
551,Vao,-22.6667,167.4833,67.86,73,1,17.67,NC,1631805842
552,Belyy Yar,53.6039,91.3903,62.49,51,0,2.24,RU,1631805843
553,Arkhara,49.4212,130.0842,48.97,95,17,4.18,RU,1631805845
554,Saint Anthony,45.0205,-93.218,74.93,62,20,7.0,US,1631805845
555,Pitimbu,-7.4706,-34.8086,86.59,68,8,15.79,BR,1631805846
556,Mwanza,-2.5167,32.9,79.43,52,70,8.9,TZ,1631805848
557,Grants Pass,42.439,-123.3284,57.88,64,20,0.0,US,1631805850
558,Raja,8.4596,25.678,82.17,75,79,3.06,SS,1631805851
559,Minna,9.6139,6.5569,82.54,76,99,5.21,NG,1631805852
560,Ocampo,21.65,-101.5,62.31,78,69,4.21,MX,1631805854
561,Porto Santo,33.072,-16.3415,78.71,65,40,13.8,PT,1631805855
562,Manakara,-22.1333,48.0167,72.1,79,1,11.95,MG,1631805856
563,Singleton,-32.5667,151.1833,52.45,89,4,1.19,AU,1631805694
564,Chicama,-7.8447,-79.1469,57.74,69,98,6.91,PE,1631805858
565,Nueva Gerona,21.8833,-82.8,82.58,73,100,12.93,CU,1631805860
566,San Felipe,10.3399,-68.7425,88.57,52,43,2.71,VE,1631805861
567,Berbera,10.4396,45.0143,92.03,52,0,3.56,SO,1631805862
568,Comodoro Rivadavia,-45.8667,-67.5,58.86,44,0,13.8,AR,1631805863
569,Karaman Province,37.0833,33.25,60.4,63,89,13.65,TR,1631805865
570,‘Āhuimanu,21.4447,-157.8378,78.51,80,40,5.75,US,1631805866
571,Andros Town,24.7,-77.7667,85.96,60,18,7.63,BS,1631805868
572,Koslan,63.4564,48.8989,41.09,94,100,7.05,RU,1631805869
573,Rizhao,35.4275,119.4553,69.37,85,0,4.27,CN,1631805871
574,Lauchhammer,51.5,13.8,66.22,60,100,8.12,DE,1631805871
575,Nanga Eboko,4.6833,12.3667,80.01,76,63,3.74,CM,1631805872
576,Tombouctou,20.0,-3.0,104.49,19,5,9.17,ML,1631805874
577,Namatanai,-3.6667,152.4333,77.65,83,97,5.88,PG,1631805875
578,Chara,56.9064,118.2631,36.41,69,39,3.8,RU,1631805877
579,Port-Cartier,50.0334,-66.8654,61.75,57,2,11.32,CA,1631805879
580,Pravdinsk,54.4429,21.0179,58.84,96,100,9.86,RU,1631805880
581,Mindelo,16.8901,-24.9804,83.75,65,40,18.41,CV,1631805881
582,Savonlinna,61.8699,28.88,46.45,71,0,5.75,FI,1631805882
583,Arrondissement de Vierzon,47.2101,2.0625,72.19,59,100,5.3,FR,1631805884
584,Revda,56.801,59.9303,40.01,90,69,10.76,RU,1631805885
585,Vestmannaeyjar,63.4427,-20.2734,52.79,93,90,17.27,IS,1631805886
